{
    "mode": "inverse",
    "v0": 5.9997846480005474,
    "work": 2.699806186678729,
    "force": 26.99806186678729,
    "p0": [
        0.0,
        0.0,
        0.0
    ],
    "g": 9.80665,
    "pitch": 70.60084036062318,
    "yaw": 0.0,
    "t_flight": 1.1541478592802823,
    "distance": 2.3,
    "impact_point": [
        2.3,
        0.0,
        0.0
    ],
    "pressure": 0.55,
    "raw_inputs": {
        "g": 9.80665,
        "pressure": 0.55,
        "bore": 25.0,
        "stroke": 100.0,
        "mass": 0.15,
        "x0": 0.0,
        "y0": 0.0,
        "z0": 0.0,
        "target_dir": "CCW",
        "target_rpm": 35.0,
        "target_radius": 0.2,
        "trigger_angle": 0.0,
        "hw_latency": 0.05,
        "tolerance": 1.0,
        "tz": 0.0
    },
    "target_rpm": 35.0,
    "target_radius": 0.2,
    "trigger_angle": 0.0,
    "impact_angle": 0.0,
    "hw_latency": 0.05,
    "tolerance": 1.0,
    "t_delay": 0.5101378550054319,
    "t_total_sync": 1.7142857142857142,
    "omega": 210.0,
    "math_trigger": 180.0,
    "math_impact": 180.0,
    "target_dir": "CCW"
}