{
    "mode": "inverse",
    "v0": 5.720570205398556,
    "work": 2.4543692606170264,
    "force": 24.54369260617026,
    "p0": [
        0.0,
        0.0,
        0.0
    ],
    "g": 9.80665,
    "pitch": 75.18312032740418,
    "yaw": 0.0,
    "t_flight": 1.1278775778748487,
    "distance": 1.65,
    "impact_point": [
        1.65,
        0.0,
        0.0
    ],
    "pressure": 0.5,
    "raw_inputs": {
        "g": 9.80665,
        "pressure": 0.5,
        "bore": 25.0,
        "stroke": 100.0,
        "mass": 0.15,
        "x0": 0.0,
        "y0": 0.0,
        "z0": 0.0,
        "target_dir": "CCW",
        "target_rpm": 15.0,
        "target_radius": 0.85,
        "trigger_angle": 45.0,
        "hw_latency": 0.06,
        "tolerance": 0.05,
        "tz": 0.0
    },
    "target_rpm": 15.0,
    "target_radius": 0.85,
    "trigger_angle": 45.0,
    "impact_angle": 0.0,
    "hw_latency": 0.06,
    "tolerance": 0.05,
    "t_delay": 2.3121224221251513,
    "t_total_sync": 3.5,
    "omega": 90.0,
    "math_trigger": 225.0,
    "math_impact": 180.0,
    "target_dir": "CCW"
}